ds,yhat,yhat_lower,yhat_upper
30-09-22,62.62447813,26.99414572,96.03589608
30-09-22,71.119186,36.90836878,106.1142403
01-10-22,74.50180135,41.8440084,111.8389861
02-10-22,67.49399081,32.97298989,103.1358262
03-10-22,54.92470315,21.1479604,90.26779587
04-10-22,75.46987448,39.67450972,113.6261232
05-10-22,51.95859911,19.32461862,86.32441763
06-10-22,58.72018737,24.55049244,95.26247044
07-10-22,66.93622529,30.24523477,99.79656762
08-10-22,70.13763598,36.18988598,104.8978391
09-10-22,63.05669908,27.12767907,98.54734602
09-10-22,50.5299421,13.03155879,81.70195558
10-10-22,71.23757426,38.33502917,107.1816369
11-10-22,48.0094812,9.464018617,82.10466795
12-10-22,55.17220798,24.37212438,90.04116847
13-10-22,63.90104875,29.43167951,100.5681126
14-10-22,67.71724279,34.38608066,103.2891279
15-10-22,61.34023066,25.59346336,96.21427299
16-10-22,49.5908781,13.54915228,86.39299442
17-10-22,71.13132961,36.23171154,103.3083152
18-10-22,48.77149841,15.31819392,84.20569809
19-10-22,56.81660639,22.86796131,90.6595887
19-10-22,66.41987667,30.72811497,102.9879969
20-10-22,71.08036119,37.01934748,104.7845197
21-10-22,65.49583871,29.50743197,100.1743169
22-10-22,54.4666722,20.83553937,86.37445841
23-10-22,76.63626885,40.28450679,111.5620653
24-10-22,54.79813137,18.96616578,89.56339686
25-10-22,63.24389754,29.36166019,98.73933942
26-10-22,73.1164551,41.34707964,108.4375386
27-10-22,77.90810178,42.54149124,114.0136221
28-10-22,72.31367518,37.04476702,106.1952732
29-10-22,61.13453382,27.75710709,94.62435944
29-10-22,83.01902826,46.71281549,118.0127793
30-10-22,60.76944951,23.3647656,93.06630638
31-10-22,68.68985395,32.58223706,104.0777088
01-11-22,77.93885717,42.55327164,112.4740434
02-11-22,82.0273749,47.49465451,117.7503833
03-11-22,75.67124736,41.39561058,110.4712105
04-11-22,63.69464235,31.46282979,99.66719852
05-11-22,84.76989199,49.15189407,119.7094305
06-11-22,61.72376876,24.78119576,95.29540794
07-11-22,68.8846188,34.35692687,102.0726485
07-11-22,77.43446508,42.00458227,113.1384903
08-11-22,80.90607858,45.69863436,115.2266884
09-11-22,74.03497308,39.34487179,108.7803226
10-11-22,61.66223763,27.22098969,96.63603339
11-11-22,82.47387829,50.30322813,117.256043
12-11-22,59.30668946,20.0929937,94.08258307
13-11-22,66.49508504,30.1078997,102.5757372
14-11-22,75.2230113,40.15635051,110.9935754
15-11-22,79.02094556,45.28886802,114.2993228
16-11-22,72.61793898,39.27444157,109.2702636
17-11-22,60.84461669,25.6120094,97.80292706
17-11-22,82.37280251,49.23338815,117.4388916
18-11-22,60.02178077,26.33094023,94.73998245
19-11-22,68.10561482,30.61752105,101.9693704
20-11-22,77.78563,43.13570756,114.0627784
21-11-22,82.56804925,49.62848248,116.3164511
22-11-22,77.15672126,43.11874944,111.5170782
23-11-22,66.35683457,33.10979375,99.26835266
24-11-22,88.81526432,52.76516361,123.2205061
25-11-22,67.32754318,33.25246628,101.4940133
26-11-22,76.18585517,39.85511701,111.8518716
27-11-22,86.53214052,50.50697457,121.7919232
27-11-22,91.85628136,59.3499621,127.9298893
28-11-22,86.84929176,52.11860966,122.6105162
29-11-22,76.30739196,43.1405673,112.1017417
30-11-22,98.8726024,67.16838328,136.5830184
01-12-22,77.33984169,43.39244382,114.1508777
02-12-22,86.00492294,53.63091494,121.4766539
03-12-22,96.01753643,60.63838913,132.242263
04-12-22,100.8791913,66.49717422,136.9352002
05-12-22,95.2960469,58.29758669,128.6875731
06-12-22,84.08252347,50.44252446,120.4901671
07-12-22,105.9013417,71.61531726,141.7460348
07-12-22,83.5699904,47.74002762,117.6203384
08-12-22,91.40803666,56.7001066,125.1886451
09-12-22,100.5893846,65.13211394,136.297134
10-12-22,104.6394786,67.92185253,138.1613727
11-12-22,98.28740199,62.09798332,135.4781966
12-12-22,86.36878415,50.53467362,118.7405241
13-12-22,107.5651851,72.27679062,140.0737745
14-12-22,84.70997819,51.8248481,119.9384462
15-12-22,92.13516097,54.58960163,127.8084976
16-12-22,101.0232183,66.38083751,140.3077945
16-12-22,104.9040435,70.72674136,137.0773304
17-12-22,98.50687958,63.74044755,131.7151283
18-12-22,86.66319773,53.22238473,121.2553582
19-12-22,108.0461842,71.82037687,143.0955955
20-12-22,85.47685464,47.94670405,121.4676781
21-12-22,93.27121924,57.78970327,127.9630187
22-12-22,102.5926137,67.44496751,138.476331
23-12-22,106.9491886,71.16300843,141.286326
24-12-22,101.0465031,66.45814193,135.8338967
25-12-22,89.69112131,53.64490863,123.6114997
26-12-22,111.5308629,78.11133617,145.4394274
26-12-22,89.36170292,51.67901668,121.9479039
27-12-22,97.4757228,64.75884103,134.1488169
28-12-22,107.0142035,73.28626404,139.3392547
29-12-22,111.4658307,76.55723024,146.6649798
30-12-22,105.519937,70.60322482,137.6770791
31-12-22,93.97065915,59.89280981,125.4787636
01-01-23,115.4576443,77.85017684,152.533457
02-01-23,92.77328672,56.61869273,127.2465124
03-01-23,100.210885,63.59304364,133.7420324
04-01-23,108.9178037,73.52903442,145.39981
05-01-23,112.3936058,76.76169082,150.2623608
05-01-23,105.3430812,71.58544816,139.4965397
06-01-23,92.58005425,56.77148321,127.3505936
07-01-23,112.7676134,78.56095522,148.1426409
08-01-23,88.72475551,54.69823503,122.6834141
09-01-23,94.77385197,60.0266633,130.1719372
10-01-23,102.0930383,67.66717231,136.1742004
11-01-23,104.2135157,70.13756462,139.7706867
12-01-23,95.87171241,61.57707402,131.8776401
13-01-23,81.91221254,47.69455844,116.4293697
14-01-23,101.0271196,64.51381062,133.4514444
15-01-23,76.06187345,38.70230474,113.7182489
15-01-23,81.36194989,45.49182929,114.1464756
16-01-23,88.1245685,52.24053982,121.0056336
17-01-23,89.89541608,54.9386288,127.1076555
18-01-23,81.42035144,47.4201595,119.8641389
19-01-23,67.5480129,33.7913673,101.345785
20-01-23,86.96900633,53.21463963,120.2309987
21-01-23,62.52169804,26.58485148,98.27687196
22-01-23,68.53904472,35.95718982,106.3955009
23-01-23,76.20058239,41.26017125,108.9944628
24-01-23,79.02957633,45.47094288,113.6908586
24-01-23,71.74528619,36.66718312,106.1750164
25-01-23,59.16625348,21.81570548,94.25628079
26-01-23,79.95027104,44.71917356,114.7343057
27-01-23,56.90103785,22.68126076,93.06697431
28-01-23,64.31590817,30.732929,101.2700804
29-01-23,73.33883172,39.67242549,109.2395747
30-01-23,77.45846065,42.3670569,114.2224915
31-01-23,71.36135141,34.90148555,105.8623492
01-02-23,59.83614216,24.36274055,95.40629067
02-02-23,81.51434102,48.21063629,115.2347742
03-02-23,59.17770509,25.80547854,92.93613419
03-02-23,67.10659898,34.34318229,102.818344
04-02-23,76.43341203,40.17643119,111.5846533
05-02-23,80.64099641,45.8604265,114.7614044
06-02-23,74.41604401,38.85919549,110.6681357
07-02-23,62.55327773,28.71548212,99.72254826
08-02-23,83.69609103,49.95392833,117.9317122
09-02-23,60.64361927,25.31567768,95.50310422
10-02-23,67.69863939,31.96706242,100.7356796
11-02-23,76.02038921,39.27846976,108.7586286
12-02-23,79.12228437,43.66871646,117.3881425
13-02-23,71.72447036,33.66879439,107.1323248
13-02-23,58.65710744,24.72271197,93.50855365
14-02-23,78.60004691,45.44947712,115.3242416
15-02-23,54.38890872,19.06382033,87.54871965
16-02-23,60.36198391,24.8320864,95.19852224
17-02-23,67.71208046,32.06278293,100.3086492
18-02-23,69.98331749,35.21380936,107.5692789
19-02-23,61.92283038,27.31662089,97.16879848
20-02-23,48.38330811,13.05436698,83.45214818
21-02-23,68.06204178,34.42492393,102.619221
22-02-23,43.80651167,8.75175135,78.5871221
23-02-23,49.96094995,15.62110131,86.12272454
23-02-23,57.71800719,22.14779511,90.80495344
24-02-23,60.61553244,24.64339925,93.50070839
25-02-23,53.38843029,17.96581255,88.81357191
26-02-23,40.87151196,7.58610286,77.62188269
27-02-23,61.73901117,24.87487516,96.26889796
28-02-23,38.8107793,2.256654636,74.45130085
01-03-23,46.39958066,14.30031843,83.08620786
02-03-23,55.66359593,19.83223886,86.22589424
03-03-23,60.10412104,24.24993432,95.02642747
04-03-23,54.41839972,20.61435311,88.82940085
04-03-23,43.40348057,7.715074379,79.91364584
05-03-23,65.69674178,30.57942753,100.1335502
06-03-23,44.08307115,7.719559494,79.59311294
07-03-23,52.84309514,16.01212957,89.84954813
08-03-23,63.10654029,30.07141425,97.71831077
09-03-23,68.35069087,33.17280116,106.1122765
10-03-23,63.25383391,30.3414813,98.97789393
11-03-23,52.5997006,21.50129878,87.36591643
12-03-23,75.01826341,39.55764446,109.1842504
13-03-23,53.29313795,18.29434423,90.74613408
14-03-23,61.70984343,26.13847252,95.85383142
14-03-23,71.40903155,38.14001105,106.5344912
15-03-23,75.88465193,41.77551366,110.0543796
16-03-23,69.83698062,35.37735748,105.0136193
17-03-23,58.07639798,23.67538614,91.54696183
18-03-23,79.26356202,41.62653595,115.4442566
19-03-23,56.21597508,22.59659259,92.0861265
20-03-23,63.25535512,27.66392176,97.58078025
21-03-23,71.5599186,33.87979516,106.8618802
22-03-23,74.66156864,38.29621386,109.1120926
23-03-23,67.29794143,32.78414272,102.3023584
24-03-23,54.3152231,16.53741586,89.54059595
24-03-23,74.40740902,41.66616994,109.4298534
25-03-23,50.42202718,14.78161281,82.62542176
26-03-23,56.70675891,22.90625434,92.56545522
27-03-23,64.46108321,32.11993182,100.3302538
28-03-23,67.23295453,31.84244233,102.3405591
29-03-23,59.77047914,23.8667956,96.22618184
30-03-23,46.92451118,11.44649165,83.12328064
31-03-23,67.38784459,33.00234929,101.5865915
01-04-23,44.0010227,10.56711426,78.74196424
02-04-23,51.09919511,16.33826039,86.02219459
03-04-23,59.86397226,23.61790176,92.38552878
03-04-23,63.82111374,29.63061069,100.2511823
04-04-23,57.69232484,23.07340562,91.71626449
05-04-23,46.29873979,12.91456006,81.38805841
06-04-23,68.30090962,33.22725838,103.4656935
07-04-23,46.50546192,9.886401183,80.4451382
08-04-23,55.21283815,20.9254215,90.95208343
09-04-23,65.57020297,28.9240172,99.26927951
10-04-23,71.06949953,35.99424389,105.6855091
11-04-23,66.40057803,28.99176222,102.4926101
12-04-23,56.35527866,23.40796298,90.1914625
12-04-23,79.56810511,45.41350823,113.1127421
13-04-23,58.82347114,25.50142502,94.75738839
14-04-23,68.40391213,34.53434699,102.9818161
15-04-23,79.44334477,46.93448915,112.315102
16-04-23,85.42534238,48.34049925,120.8381508
17-04-23,81.03634899,45.81177595,116.4541369
18-04-23,71.0697142,37.21217073,106.5500914
19-04-23,94.16618874,57.91520981,129.7438446
20-04-23,73.12087095,37.06879531,108.2903905
21-04-23,82.23100688,48.34457854,117.4090409
22-04-23,92.64874095,57.24865229,125.6186237
22-04-23,97.87880087,61.43617376,129.8396705
23-04-23,92.63105829,59.97759009,128.7133389
24-04-23,81.7238666,43.80649682,119.594094
25-04-23,103.8230156,68.4640906,136.9180177
26-04-23,81.75041835,46.53532363,115.5857215
27-04-23,89.82874396,53.67645807,124.125712
28-04-23,99.23432278,64.54652044,132.9786376
29-04-23,103.4942195,68.33920801,137.5111373
30-04-23,97.3382539,62.50380263,131.3549878
01-05-23,85.60188344,48.72848559,120.6084512
02-05-23,106.9656196,72.59522907,141.5946206
02-05-23,84.26099636,49.93425833,120.6860751
03-05-23,91.81751859,58.21324905,126.7038119
04-05-23,100.8147083,66.83295915,135.6106729
05-05-23,104.7792481,72.17720978,139.2085313
06-05-23,98.43717528,61.37238589,132.8825736
07-05-23,86.61703196,52.23105186,122.172348
08-05-23,107.9896343,74.27401108,143.3414251
09-05-23,85.37446496,49.38755145,117.7550717
10-05-23,93.0871026,59.05198202,124.666017
11-05-23,102.2917902,65.63716097,135.2604608
12-05-23,106.4991249,72.83875673,140.8598662
12-05-23,100.4188044,65.38569165,135.3012126
13-05-23,88.86332043,52.68540929,123.3941939
14-05-23,110.4882435,76.8914687,144.8531654
15-05-23,88.09908948,54.26712152,125.0071898
16-05-23,95.99916781,60.38235394,130.4473314
17-05-23,105.342501,71.22177547,140.0125207
18-05-23,109.6309992,75.1813215,144.5612278
19-05-23,103.569769,66.15212318,136.4521887
20-05-23,91.96854068,56.46563619,125.796447
21-05-23,113.4827593,79.74177289,147.9502367
21-05-23,90.92038016,55.07367503,128.3046008
22-05-23,98.58956356,66.04411267,135.4559158
23-05-23,107.6513646,72.32319168,143.4141855
24-05-23,111.6174016,78.4723346,147.538204
25-05-23,105.2024419,70.53705268,139.6442162
26-05-23,93.22780403,57.21886121,130.8770379
27-05-23,114.3612327,81.20920563,148.7156947
28-05-23,91.42325405,54.6318574,126.7619732
29-05-23,98.73442835,62.95411456,131.7803031
30-05-23,107.4676127,72.67407457,142.7542806
31-05-23,111.1452288,78.54612885,146.6020178
31-05-23,104.4914892,70.73054864,139.8220781
01-06-23,92.33549086,54.06780531,124.5905883
02-06-23,113.3508421,77.12648412,148.7880308
03-06-23,90.36183798,52.57054793,125.6890287
04-06-23,97.69060622,65.62587947,131.4758632
05-06-23,106.5093381,70.58705467,142.3671371
06-06-23,110.3376007,77.38371401,145.7655225
07-06-23,103.8946794,68.65888301,141.5990395
08-06-23,92.00285716,59.8394418,129.3596738
09-06-23,113.3272882,79.96462898,148.3814138
10-06-23,90.68247223,58.37805623,126.4174544
10-06-23,98.36866864,63.4190187,132.7472522
11-06-23,107.5577164,74.93225066,144.1321381
12-06-23,111.7575167,77.85545499,146.012975
13-06-23,105.6758419,71.40689207,138.4853285
14-06-23,94.12399756,60.74598196,129.6208844
15-06-23,115.7570595,83.29851244,151.3801828
16-06-23,93.38067642,59.51293496,125.9951121
17-06-23,101.298841,68.35049047,139.9774037
18-06-23,110.6667233,75.6489245,146.0570448
19-06-23,114.9885405,80.42341078,152.514241
20-06-23,108.9703961,73.60269732,142.8999004
20-06-23,97.42397667,62.47933807,133.5851335
21-06-23,119.0067507,81.18612391,154.9990314
22-06-23,96.52866608,60.81238309,131.7320267
23-06-23,104.2997503,70.37046765,139.5566489
24-06-23,113.4827128,77.39241259,148.7839549
25-06-23,117.5905336,83.37664839,154.2782598
26-06-23,111.3389785,75.87483856,145.1520305
27-06-23,99.54994113,64.18815593,135.9822628
28-06-23,120.891269,85.62965433,154.0209063
29-06-23,98.18308073,62.76747129,132.4050932
29-06-23,105.7449931,71.86695597,142.4307923
30-06-23,114.7483695,78.77590157,148.7384881
01-07-23,118.7135853,83.91252891,152.5396185
02-07-23,112.3622631,77.98361709,147.5219529
03-07-23,100.4995931,65.82086669,135.7374497
04-07-23,121.8163668,85.29876338,158.5150706
05-07-23,99.13281464,61.43634001,135.1281994
06-07-23,106.7665926,73.38798245,139.7393807
07-07-23,115.8850684,79.93094448,152.7269239
08-07-23,120.0026961,86.02760432,154.3173481
09-07-23,113.8334279,79.88640833,149.0376521
09-07-23,102.1940663,67.41753788,137.7978597
10-07-23,123.7442154,88.23252501,158.5267794
11-07-23,101.2928357,67.89868466,137.0898431
12-07-23,109.1458133,76.41381684,145.5980255
13-07-23,118.4586451,83.21653883,154.4856236
14-07-23,122.7342224,87.40715364,158.1104576
15-07-23,116.6756481,84.24948228,154.996967
16-07-23,105.0899788,71.02631205,140.6248803
17-07-23,126.6285363,90.80711867,165.76726
18-07-23,104.0937813,70.53934864,136.9529509
19-07-23,111.787149,78.809035,148.1889352
19-07-23,120.8619396,82.48320505,150.3664147
20-07-23,124.8212382,89.31273023,159.1264966
21-07-23,118.3707928,82.07091175,151.2851006
22-07-23,106.3227414,71.09988537,141.6407723
23-07-23,127.3358293,92.6375247,161.9225606
24-07-23,104.2221128,69.34019675,141.0871812
25-07-23,111.2945536,75.58592258,147.6228165
26-07-23,119.6961036,83.52323264,154.1330063
27-07-23,122.9677557,89.15051907,156.0122232
28-07-23,115.8305193,82.30116901,153.0617015
29-07-23,103.1122011,70.3583909,140.7046641
29-07-23,123.4871603,91.00402571,158.2354236
30-07-23,99.78254277,61.01976337,134.8131542
31-07-23,106.3254141,69.94327017,141.7942222
01-08-23,114.2949054,79.57386069,146.9707877
02-08-23,117.2193673,81.58657964,149.9499336
03-08-23,109.8284885,75.05531919,142.6751197
04-08-23,96.95628771,61.30315092,133.3123064
05-08-23,117.2806488,81.92656457,153.7186174
06-08-23,93.62941347,56.14670152,130.129338
07-08-23,100.3274567,67.37656258,136.6268132
07-08-23,108.5488614,72.14458445,142.9062923
08-08-23,111.8141884,78.81966381,145.3064592
09-08-23,104.8427949,69.01381377,139.7654046
10-08-23,92.45610596,57.24858752,129.4248697
11-08-23,113.3175006,78.10428342,150.0785859
12-08-23,90.23881732,55.72041069,124.9690393
13-08-23,97.52789266,64.47979025,132.8926439
14-08-23,106.341235,71.07324048,141.6097038
15-08-23,110.1818161,73.56255853,146.7474291
16-08-23,103.7519167,68.23523574,135.2444934
17-08-23,91.85691618,57.1951934,129.2225735
17-08-23,113.1230812,79.29368276,148.8088293
18-08-23,90.37229117,56.44914852,125.8383417
19-08-23,97.90220613,64.01428603,132.2942275
20-08-23,106.861859,72.72888495,142.097786
21-08-23,110.7496992,75.69425862,144.7341126
22-08-23,104.2666034,68.69552689,137.5999576
23-08-23,92.21973815,58.9647158,126.7392095
24-08-23,113.2629156,79.60102993,149.7544382
25-08-23,90.20343235,54.845288,124.7242412
26-08-23,97.34979362,63.05785994,131.3182791
27-08-23,105.864417,70.08340626,140.0896874
27-08-23,109.2612964,71.43411523,143.2812495
28-08-23,102.2585643,69.72503988,135.6983957
29-08-23,89.68184945,55.92485421,125.1416493
30-08-23,110.2040847,75.61651311,146.6769391
31-08-23,86.65177357,49.41621646,122.3576339
01-09-23,93.35213142,58.97245814,127.9187718
02-09-23,101.4852154,66.88287761,136.1577056
03-09-23,104.5810394,69.216089,140.2923062
04-09-23,97.37163015,65.78088406,128.1903912
05-09-23,84.69393495,52.32560722,119.8488788
06-09-23,105.2292531,70.56443458,140.6533724
06-09-23,81.80920802,46.99266631,115.2318661
07-09-23,88.76268782,55.51791168,124.0971551
08-09-23,97.26787483,61.85413151,129.1541642
09-09-23,100.8493643,66.14497783,138.3928204
10-09-23,94.21262746,58.04128098,126.6711823
11-09-23,82.20023505,49.35017812,117.745953
12-09-23,103.4784942,67.23371625,137.7008551
13-09-23,80.8615205,42.18294234,115.4392625
14-09-23,88.65865664,51.05163708,125.2544057
15-09-23,98.02704441,63.42969805,134.1966596
15-09-23,102.4693366,67.82125942,132.2989915
16-09-23,96.68648728,62.36576992,130.6382682
17-09-23,85.48151278,51.46122484,119.556277
18-09-23,107.4998695,72.07686503,142.5606352
19-09-23,85.53643956,49.84771347,123.1470442
20-09-23,93.88352406,61.03955852,129.6285648
21-09-23,103.6839312,68.74333531,136.5103939
22-09-23,108.4291312,72.85232416,142.241609
23-09-23,102.812403,66.87060131,136.0882864
24-09-23,91.63285242,56.25344807,126.119957
25-09-23,113.5359418,76.58809965,146.222618
25-09-23,91.32051502,56.42953354,129.3034861
26-09-23,99.28671588,65.26205582,132.0534991
27-09-23,108.5888897,74.08431238,143.4433103
28-09-23,112.733443,76.9893436,146.5398795
29-09-23,106.4315943,72.30710401,142.4099102
30-09-23,94.5029075,58.41232422,129.2204269
01-10-23,115.6152602,80.7187759,149.2756953
02-10-23,92.59124652,58.74266997,127.9272767
03-10-23,99.75534981,63.3292105,136.9402199
04-10-23,108.2863996,71.67006383,143.6394279
05-10-23,111.7144945,76.53691748,144.1812369
05-10-23,104.773157,68.37885181,139.2997926
06-10-23,92.30222622,56.50871136,127.8515812
07-10-23,112.9872387,76.04867003,148.289366
08-10-23,89.665316,56.67922126,125.933611
09-10-23,96.67199039,63.6142759,131.6527323
10-10-23,105.1930886,69.57425726,140.8881649
11-10-23,108.76168,74.95792186,142.5236812
12-10-23,102.110048,68.67406821,137.1802234
13-10-23,90.07260035,55.21524866,124.5448199
14-10-23,111.3253876,72.78175955,147.4510246
15-10-23,88.69224632,56.55615261,121.4993389
15-10-23,96.4919884,60.66280463,132.9463795
16-10-23,105.8907497,72.20673778,141.6412002
17-10-23,110.3994889,76.81691083,144.4693059
18-10-23,104.7265806,70.31865815,141.179117
19-10-23,93.68140104,59.17044037,127.5889671
20-10-23,115.9145549,82.47139847,150.4212396
21-10-23,94.22474083,61.48757163,130.8707916
22-10-23,102.9066548,67.76657954,136.4739465
23-10-23,113.1040245,78.64274879,146.7534507
24-10-23,118.3077453,81.45449701,153.1686319
24-10-23,113.2090429,77.65708004,145.8359216
25-10-23,102.6035437,67.82396505,140.1914644
26-10-23,125.1318905,89.53630069,161.716779
27-10-23,103.5868822,69.11057765,139.3689522
28-10-23,112.2615352,77.75330063,147.6236626
29-10-23,122.3021524,86.89153336,159.3758014
30-10-23,127.206367,89.53604233,159.6029197
31-10-23,121.6760918,87.16676115,158.3112638
01-11-23,110.5212592,72.74160182,145.404305
02-11-23,132.3999964,97.24650452,167.2511566
03-11-23,110.1252337,77.41502763,148.3404294
03-11-23,118.0121529,82.71603309,152.4612968
04-11-23,127.2305815,93.2005039,162.3400402
05-11-23,131.3023208,96.50755996,163.9371077
06-11-23,124.9533577,90.67075524,159.6445137
07-11-23,113.0168687,77.48901317,147.4836236
08-11-23,134.1726827,97.74053374,167.5580316
09-11-23,111.2532196,77.66302842,145.4887808
10-11-23,118.5903349,84.01465582,151.4284955
11-11-23,127.3671915,94.96513579,162.8148843
12-11-23,131.1151647,98.08176211,167.249098
13-11-23,124.5657433,89.33725402,157.7403783
13-11-23,112.5533436,77.88464601,147.7794721
14-11-23,133.7547111,100.4603521,168.2489559
15-11-23,110.9949292,76.0406489,143.3743333
16-11-23,118.5944631,85.00806416,155.3914163
17-11-23,127.7213561,93.14614624,164.228635
18-11-23,131.8885752,95.53055341,166.7362549
19-11-23,125.8064568,89.37815071,161.6458227
20-11-23,114.2861533,81.04658972,148.2018215
21-11-23,135.979739,98.57210778,171.9985009
22-11-23,113.6869722,81.29813526,149.6954292
23-11-23,121.7031221,85.85972391,157.2382471
23-11-23,131.1719524,97.19360302,165.8207034
24-11-23,135.5838377,99.76027202,170.9434583
25-11-23,129.6289381,94.34961594,166.7159647
26-11-23,118.1013137,82.84380111,151.3092019
27-11-23,139.6396143,106.4726128,173.1548975
28-11-23,117.0343258,83.02760053,152.3313393
29-11-23,124.575964,91.65720573,158.1485244
30-11-23,133.4082983,99.65469849,168.7529123
01-12-23,137.0265717,103.3137083,171.3235746
02-12-23,130.1306376,95.19247454,163.4536519
02-12-23,117.528896,80.44019476,154.337504
03-12-23,137.8786668,103.8555158,170.7333875
04-12-23,113.9929899,78.65108243,149.6034452
05-12-23,120.1882546,83.78344327,154.6339648
06-12-23,127.6367552,93.83549958,163.625839
07-12-23,129.864157,93.0209586,161.0108937
08-12-23,121.6018152,84.11633843,155.0169114
09-12-23,107.6898505,71.21077401,142.9461632
10-12-23,126.8166441,93.96049821,161.7593922
11-12-23,101.8247667,67.05696319,134.9705101
12-12-23,107.0577684,71.75805005,144.5290331
12-12-23,113.71195,80.28247297,148.7563887
13-12-23,115.3331245,80.24508551,150.2777407
14-12-23,106.6683303,72.72400111,143.625889
15-12-23,92.56841779,58.43676479,126.5978916
16-12-23,111.727189,76.5089662,146.5304464
17-12-23,86.98711312,51.51476271,122.7706254
18-12-23,92.68605437,58.80788759,128.3261015
19-12-23,100.0091354,66.12002906,135.3192771
20-12-23,102.4857424,67.38866011,136.6651995
21-12-23,94.84162888,58.97317966,129.1888302
22-12-23,81.90203148,47.68634017,117.0805485
22-12-23,102.33146,67.1833756,139.1260696
23-12-23,78.94017168,45.0554593,115.8874213
24-12-23,86.03174258,50.39435901,123.2749685
25-12-23,94.75583841,61.95498221,131.4219988
26-12-23,98.60616493,62.86702911,134.1842075
27-12-23,92.27353035,55.58509483,129.127848
28-12-23,80.54990481,46.66319658,117.6827799
29-12-23,102.0691149,67.42854316,137.229891
30-12-23,79.61415644,43.43938429,115.6309867
31-12-23,87.46551607,51.21086193,122.0505482
01-01-24,96.75458158,65.00830578,133.6185224
01-01-24,100.9621041,62.67518938,136.8472565
02-01-24,94.77162912,62.05559611,128.9574866
03-01-24,82.97377071,47.46244185,117.9790228
04-01-24,104.2069605,68.71671795,139.8771908
05-01-24,81.26465227,47.10262475,115.9906107
06-01-24,88.44337491,53.46054424,122.2393144
07-01-24,96.89572093,60.98926407,132.2214175
08-01-24,100.128244,65.25295713,135.3075154
09-01-24,92.85419797,59.43098402,127.3492162
10-01-24,79.89701018,45.39622002,115.4658126
10-01-24,99.93014217,65.11520282,135.5421513
11-01-24,75.78334291,41.01192812,109.7166725
12-01-24,81.78971301,47.23989341,116.7840334
13-01-24,89.13769435,55.2350394,124.7492789
14-01-24,91.36798567,55.53313657,124.6174111
15-01-24,83.22534375,47.56531332,120.6390643
16-01-24,69.56118857,34.56974982,102.4619822
17-01-24,89.07268953,52.73557857,122.9580589
18-01-24,64.60835923,31.43034875,98.31686321
19-01-24,70.51459142,34.04496799,104.0764642
20-01-24,77.98727211,45.17429793,113.4722926
20-01-24,80.56847509,46.89715982,117.2942825
21-01-24,72.99820745,40.77616482,105.6300665
22-01-24,60.11712534,24.82086541,97.61854583
23-01-24,80.60589416,44.76898944,116.0249404
24-01-24,57.29121226,21.67483771,90.60070138
25-01-24,64.49292325,32.46977884,101.0127979
26-01-24,73.37633025,37.25709917,105.3317808
27-01-24,77.44970432,43.09479106,112.1159261
28-01-24,71.41693056,35.8349405,106.8734782
29-01-24,60.08118762,25.37480747,91.95938369
30-01-24,82.08530877,48.54300013,116.8057719
30-01-24,60.21881635,23.15456513,93.28738724
31-01-24,68.7660274,35.51626559,103.2654468
01-02-24,78.85931696,44.94476926,116.2256902
02-02-24,83.97750563,48.56375612,119.6234231
03-02-24,78.79929132,43.04301958,115.6495543
04-02-24,68.10759979,34.07363352,104.0066822
05-02-24,90.53048436,53.6321571,122.1125544
06-02-24,68.84855236,32.52225227,103.5463764
07-02-24,77.34330589,41.12387991,110.1844505
08-02-24,87.15047757,51.91318539,123.8696169
09-02-24,91.75832635,54.50534525,126.8385786
09-02-24,85.86081625,51.53828972,121.1355759
10-02-24,74.26156026,38.57009116,109.2488411
11-02-24,95.614171,62.02819781,131.7295664
12-02-24,72.7290111,39.57410333,107.3507261
13-02-24,79.92074969,49.48224395,115.2664614
14-02-24,88.36082704,52.96966962,125.354913
15-02-24,91.57481617,55.60763129,129.4017417
16-02-24,84.29462979,52.01721954,122.4773511
17-02-24,71.36148072,35.55410994,105.1391471
18-02-24,91.46526386,57.9996719,127.9304636
18-02-24,67.45037855,33.33377123,105.1423475
19-02-24,73.66242184,40.20673394,110.6466817
20-02-24,81.29987745,46.08349446,116.2085089
21-02-24,83.9108093,49.8516064,116.271098
22-02-24,76.24452453,39.56267272,111.6929477
23-02-24,63.15412801,27.8056627,97.6267672
24-02-24,83.33564555,47.50571001,117.2165424
25-02-24,59.63374025,24.74737792,95.12235429
26-02-24,66.38845394,31.60348409,99.40482498
27-02-24,74.78709533,41.46951058,108.8514804
28-02-24,78.36127687,44.62317609,115.7075325
28-02-24,71.83905446,37.30445983,105.779264
29-02-24,60.04807761,22.80251484,94.49841272
01-03-24,81.65540993,46.43358232,119.5405871
02-03-24,59.47402439,26.82607238,97.08850581
03-03-24,67.81038352,35.72963453,104.9041259
04-03-24,77.81720268,42.22224214,114.7147834
05-03-24,82.99137463,48.85239902,118.6985403
06-03-24,78.0269856,42.49680962,113.7945892
07-03-24,67.71930683,33.67465552,102.0000343
08-03-24,90.70539987,56.68324251,127.7762688
09-03-24,69.77131952,34.05795836,105.9868585
09-03-24,79.20030705,46.24731437,114.7326121
10-03-24,90.12605694,52.22135679,125.7843299
11-03-24,96.03102367,61.15287324,132.5866444
12-03-24,91.5996908,55.65967596,125.7037576
13-03-24,81.62268182,46.77530339,117.035672
14-03-24,104.7373505,70.58828476,142.0751255
15-03-24,83.73483779,46.61607438,117.5223076
16-03-24,92.90799462,55.25224251,127.3545238
17-03-24,103.4042638,70.27000942,138.7980471
18-03-24,108.7235006,73.14759275,142.8496935
19-03-24,103.5706707,70.43350653,139.992446
19-03-24,92.75932065,55.55222095,127.7462667
20-03-24,114.951481,81.38250089,149.718433
21-03-24,92.96400666,57.38572665,128.6375553
22-03-24,101.1157758,64.92768162,136.5546001
23-03-24,110.5798615,74.77083315,146.058486
24-03-24,114.8806741,80.02962542,151.4484239
25-03-24,108.7460318,75.25282382,144.083877
26-03-24,97.01007298,60.61230105,132.9388859
27-03-24,118.3526808,82.14003915,156.1062452
28-03-24,95.60543992,61.57009057,131.6787159
28-03-24,103.0985532,67.02322813,137.7920967
29-03-24,112.0128387,76.31622452,148.2272112
30-03-24,115.8768069,81.81820225,151.34005
31-03-24,109.4187754,73.35229399,142.3610615
01-04-24,97.4699283,63.20955292,132.6000158
02-04-24,118.7039868,85.06536107,156.3454497
03-04-24,95.94349791,59.60139215,130.5446408
04-04-24,103.5071592,69.10862417,136.7230838
05-04-24,112.5622835,77.17089916,145.0785066
06-04-24,116.62239,83.02539278,151.3722758
07-04-24,110.3998604,75.36943898,144.4563459
07-04-24,98.7095514,63.52804319,133.6379952
08-04-24,120.2090117,85.41031732,155.9472955
09-04-24,97.70529512,61.36665662,133.8502334
10-04-24,105.5027712,70.86280964,142.2612207
11-04-24,114.7560234,79.94130621,148.8374549
12-04-24,118.9678093,83.95627319,153.7650397
13-04-24,112.8420115,76.75968953,148.8200601
14-04-24,101.1874634,67.27346732,136.7000169
15-04-24,122.6582923,87.87366013,156.2021126
16-04-24,100.060771,64.0785888,134.0710364
17-04-24,107.7010783,71.9464867,142.6013866
17-04-24,116.7380644,80.98630612,155.7663537
18-04-24,120.6809996,86.85506581,154.6268727
19-04-24,114.242244,77.96078324,151.6769755
20-04-24,102.2407345,66.73223609,137.4529832
21-04-24,123.341941,89.03070778,156.5298174
22-04-24,100.3642994,64.58688022,135.8574095
23-04-24,107.6265329,74.94790535,142.0390673
24-04-24,116.2999754,79.01892164,148.2581228
25-04-24,119.9058874,84.92165285,154.1363685
26-04-24,113.1677178,76.84782456,148.3460628
27-04-24,100.914219,64.31410012,134.8945592
27-04-24,121.8190822,87.76912438,156.9711538
28-04-24,98.70710476,63.13615399,133.1847175
29-04-24,105.9013158,70.74251561,142.8984938
30-04-24,114.5751728,78.71160931,148.1794506
01-05-24,118.2498276,82.30626287,151.6132733
02-05-24,111.6464133,75.60124899,147.3883149
03-05-24,99.5892587,62.76927644,133.5276824
04-05-24,120.7456918,85.48338116,156.523725
05-05-24,97.93243971,63.26125119,132.7874927
06-05-24,105.463041,70.38514612,139.2761784
06-05-24,114.5003736,78.25074536,149.9700413
07-05-24,118.5542857,84.18506581,153.309818
08-05-24,112.3342683,76.20984109,146.2568014
09-05-24,100.6530619,65.00223595,139.4879107
10-05-24,122.1668484,88.12889827,157.6689493
11-05-24,99.68201951,65.0148714,133.4205132
12-05-24,107.5029272,74.30937288,141.0206151
13-05-24,116.7847084,80.795056,150.2092193
14-05-24,121.0311609,84.79226091,154.1093175
15-05-24,114.9476009,80.5105162,151.1728957
16-05-24,103.344591,69.27755726,140.9818586
16-05-24,124.8781817,88.19886169,159.3134112
17-05-24,102.356662,66.2989589,136.7034616
18-05-24,110.0882201,76.25075644,144.9867133
19-05-24,119.2336131,86.00127409,154.5025475
20-05-24,123.3038267,88.19755832,159.333928
21-05-24,117.012663,83.64530156,152.1561675
22-05-24,105.1801539,68.85712602,136.6451465
23-05-24,126.4724558,92.47960785,164.3415898
24-05-24,103.7082289,70.74013146,140.1846169
25-05-24,111.2059197,78.07198001,145.5975426
26-05-24,120.1360543,86.0185815,154.7989218
26-05-24,124.0185377,88.88995775,159.4113723
27-05-24,117.5749103,83.43674654,151.4898795
28-05-24,105.6314689,70.60611257,139.9734685
29-05-24,126.8589187,90.71910493,159.6147477
30-05-24,104.0785685,71.21338119,138.0130913
31-05-24,111.6094927,77.73925633,144.0944604
01-06-24,120.6207739,84.98248265,156.4174975
02-06-24,124.6288225,91.24229982,159.203267
03-06-24,118.3497251,81.87525405,152.4434304
04-06-24,106.6025254,74.49647184,139.9297418
05-06-24,128.0491005,91.45985948,165.4279556
05-06-24,105.5006376,71.3645856,138.0915282
06-06-24,113.2651256,77.12698845,148.6139549
07-06-24,122.4999654,90.80668414,156.7240445
08-06-24,126.709684,94.27099139,163.4675835
09-06-24,120.5986896,82.50048619,153.1219236
10-06-24,108.9749609,74.58790696,144.0513692
11-06-24,130.4903182,94.9579475,167.1790328
12-06-24,107.9472687,72.50617871,144.7416562
13-06-24,115.6468286,80.20951449,150.3680665
14-06-24,124.741414,85.97448474,158.9867076
14-06-24,128.7327762,97.17950079,163.076767
15-06-24,122.3249105,86.1262799,157.2725518
16-06-24,110.3278266,72.87136869,142.8267744
17-06-24,131.3978227,94.74195628,167.7276754
18-06-24,108.3442571,73.02996882,142.2341629
19-06-24,115.4772186,79.75789046,152.8782223
20-06-24,123.9601933,89.52854714,157.1327605
21-06-24,127.3077084,93.44141862,162.7529043
22-06-24,120.2378911,83.60862093,155.452925
23-06-24,107.5758396,74.62645189,142.6157032
24-06-24,127.9934621,91.28028134,162.2855265
24-06-24,104.3157883,70.22372647,141.336807
25-06-24,110.8681715,75.66811296,144.4404901
26-06-24,118.8284904,82.46643713,154.5101094
27-06-24,121.7243483,86.92604403,157.9612
28-06-24,114.2852194,81.46814507,149.0644155
29-06-24,101.3454554,67.71811087,135.7231012
30-06-24,121.5838169,88.05852977,156.2306353
01-07-24,97.82954654,60.61515495,131.1528458
02-07-24,104.4094093,70.55804768,137.2591149
03-07-24,112.4998157,77.74107689,148.2523234
04-07-24,115.6240275,82.56470197,149.7475028
04-07-24,108.5043992,74.54946331,144.7741357
05-07-24,95.96556331,62.43712812,130.2964951
06-07-24,116.6742218,81.14305451,152.7244827
07-07-24,93.4455539,60.15444446,126.3915324
08-07-24,100.5906543,66.43977325,135.8772311
09-07-24,109.2691082,75.94643575,145.0346625
10-07-24,112.9866887,77.62073412,146.1859736
11-07-24,106.4481154,73.66061442,143.1460306
12-07-24,94.46076683,58.42669866,128.5273271
13-07-24,115.6749942,79.29960359,152.1857838
14-07-24,92.89102899,56.48638615,128.4836988
14-07-24,100.4068842,65.73338645,132.9844994
15-07-24,109.3713418,74.6311674,146.3136356
16-07-24,113.2819973,77.24213994,148.4530538
17-07-24,106.8382907,70.31677636,143.2652488
18-07-24,94.84540641,63.77348525,127.4756954
19-07-24,115.9546834,79.37996747,151.0338655
20-07-24,92.97052432,55.74566158,125.109072
21-07-24,100.1982024,67.09711786,133.2970232
22-07-24,108.7966599,75.66908326,142.9531317
23-07-24,112.2762748,75.18676508,145.6023698
23-07-24,105.3515311,72.42269526,138.8651768
24-07-24,92.8444866,56.77575351,126.0284909
25-07-24,113.4246908,77.14141982,150.2428391
26-07-24,89.91555542,55.472172,124.4928469
27-07-24,96.64159361,60.49459037,129.8494965
28-07-24,104.7806364,69.80482699,140.7007047
29-07-24,107.8610217,73.63877147,142.5036404
30-07-24,100.6137078,67.32229213,136.7302813
31-07-24,87.87522283,54.54119459,125.3267284
01-08-24,108.3271171,73.58211361,144.2458426
02-08-24,84.80193787,50.23036852,119.6220604
02-08-24,91.63015233,57.09254395,126.2766392
03-08-24,99.99213951,63.43158942,135.7444537
04-08-24,103.4152532,67.7186396,138.297081
05-08-24,96.62591292,60.13583634,135.0460301
06-08-24,84.45263541,48.65520146,116.5420709
07-08-24,105.5656739,69.57920427,139.8446305
08-08-24,82.78327795,48.70907018,117.9184546
09-08-24,90.41899402,55.44891625,127.1939163
10-08-24,99.63411647,65.93988567,132.3883239
11-08-24,103.9352784,70.36027486,138.1576607
12-08-24,98.0271246,62.49077218,133.5251402
12-08-24,86.7159627,49.47214445,121.013848
13-08-24,108.6500412,74.11803386,144.9104591
14-08-24,86.62644934,52.04789359,122.9817485
15-08-24,94.93904025,60.83718449,128.8698612
16-08-24,104.7314677,71.26166197,138.2932624
17-08-24,109.4953094,75.11823655,146.1216598
18-08-24,103.9232031,66.79534027,137.7769265
19-08-24,92.81287606,57.3117351,127.2419338
20-08-24,114.8077067,77.61433309,149.8014721
21-08-24,92.70380317,59.59197605,128.2682673
22-08-24,100.7979936,68.51203676,136.4852195
22-08-24,110.2408175,74.7334296,142.6962829
23-08-24,114.5344899,79.00493652,148.6428598
24-08-24,108.385768,75.05407582,144.2236707
25-08-24,96.60961028,61.74480297,130.6194012
26-08-24,117.8692735,83.18326688,152.7752298
27-08-24,94.98284778,62.10294057,130.3217806
28-08-24,102.2706389,65.64321535,136.5744834
29-08-24,110.9075037,76.73361598,145.7725046
30-08-24,114.4201295,80.61212422,147.9872666
31-08-24,107.5392078,71.18812367,141.7301696
31-08-24,95.10240976,58.58639412,128.9119773
01-09-24,115.7938321,79.66607027,153.1275426
02-09-24,92.44992942,60.15133422,128.02517
03-09-24,99.40636154,65.53788314,134.0264676
04-09-24,107.8498776,71.32223554,143.801513
05-09-24,111.3152409,77.52796157,147.6840833
06-09-24,104.5371547,70.84785706,140.3364959
07-09-24,92.35310688,57.82312801,127.2520426
08-09-24,113.4428023,75.37277689,146.4537415
09-09-24,90.63420397,57.73991314,124.0950046
10-09-24,98.25060638,63.85823448,134.7823339
10-09-24,107.4628573,74.13860177,145.4008102
11-09-24,111.7867233,73.73614015,147.8707885
12-09-24,105.9353462,69.72174055,140.5676687
13-09-24,94.72269286,62.4776705,132.1155912
14-09-24,116.803652,82.26585922,151.01014
15-09-24,94.98077666,59.36633473,132.3178103
16-09-24,103.5520789,70.85989876,141.3829955
17-09-24,113.6639694,79.19040721,147.5239589
18-09-24,118.8093175,82.8466267,151.4583762
19-09-24,113.6805592,78.99936213,146.8728126
20-09-24,103.0737349,68.4326483,138.685388
20-09-24,125.6290938,90.14474798,163.7548533
21-09-24,104.1382495,69.61407384,140.8921383
22-09-24,112.8922789,77.93401932,147.3795791
23-09-24,123.0348501,91.0030879,158.0309767
24-09-24,128.0603475,92.66167402,161.8791139
25-09-24,122.6669198,86.66100352,158.0449117
26-09-24,111.6603336,78.02503451,145.4095397
27-09-24,133.6942761,100.1553571,171.0678912
28-09-24,111.5770973,76.66700431,147.6166682
29-09-24,119.6193988,82.84586632,153.1909281
30-09-24,128.9865667,90.43349737,163.6221509
